horario,tensao_p1,tensao_p2,corrente,radiacao
11:27:24.148514,0.0,0.0,0.0,0.5786984054322118
11:28:47.302002,0.0,0.5788509956511788,0.0,0.0
